x,u
0.0,0.0021119118
0.005025125628140704,0.053500056
0.010050251256281407,0.103523314
0.01507537688442211,0.15219025
0.020100502512562814,0.19951223
0.02512562814070352,0.24550603
0.03015075376884422,0.2901839
0.035175879396984924,0.33355725
0.04020100502512563,0.37564147
0.04522613065326633,0.41645062
0.05025125628140704,0.45599657
0.05527638190954774,0.49429536
0.06030150753768844,0.53136283
0.06532663316582915,0.56721544
0.07035175879396985,0.60186195
0.07537688442211056,0.63532716
0.08040201005025126,0.6676232
0.08542713567839195,0.6987686
0.09045226130653267,0.7287798
0.09547738693467336,0.7576777
0.10050251256281408,0.785478
0.10552763819095477,0.8122003
0.11055276381909548,0.8378647
0.11557788944723618,0.8624925
0.12060301507537688,0.88609767
0.12562814070351758,0.90870386
0.1306532663316583,0.93032604
0.135678391959799,0.95098466
0.1407035175879397,0.9706965
0.1457286432160804,0.9894754
0.15075376884422112,1.0073371
0.15577889447236182,1.0242947
0.16080402010050251,1.0403608
0.1658291457286432,1.0555414
0.1708542713567839,1.0698451
0.17587939698492464,1.0832758
0.18090452261306533,1.0958298
0.18592964824120603,1.1075083
0.19095477386934673,1.1183032
0.19597989949748745,1.1282035
0.20100502512562815,1.137195
0.20603015075376885,1.1452589
0.21105527638190955,1.152366
0.21608040201005024,1.1584932
0.22110552763819097,1.1635997
0.22613065326633167,1.1676506
0.23115577889447236,1.1705946
0.23618090452261306,1.1723816
0.24120603015075376,1.1729515
0.24623115577889448,1.1722413
0.25125628140703515,1.1701808
0.2562814070351759,1.1666936
0.2613065326633166,1.1617002
0.2663316582914573,1.155107
0.271356783919598,1.1468259
0.2763819095477387,1.1367577
0.2814070351758794,1.1247991
0.2864321608040201,1.1108474
0.2914572864321608,1.094792
0.2964824120603015,1.0765257
0.30150753768844224,1.0559386
0.3065326633165829,1.0329233
0.31155778894472363,1.0073748
0.3165829145728643,0.9791978
0.32160804020100503,0.9482954
0.32663316582914576,0.9145948
0.3316582914572864,0.8780331
0.33668341708542715,0.8385669
0.3417085427135678,0.7961874
0.34673366834170855,0.7509108
0.35175879396984927,0.70280266
0.35678391959798994,0.6519735
0.36180904522613067,0.5986052
0.36683417085427134,0.5429444
0.37185929648241206,0.4853341
0.3768844221105528,0.42620498
0.38190954773869346,0.36610752
0.3869346733668342,0.3056972
0.3919597989949749,0.24575366
0.3969849246231156,0.18716322
0.4020100502512563,0.13091342
0.40703517587939697,0.078063995
0.4120603015075377,0.029707938
0.4170854271356784,-0.013077624
0.4221105527638191,-0.04928743
0.4271356783919598,-0.078056306
0.4321608040201005,-0.098723866
0.4371859296482412,-0.11089556
0.44221105527638194,-0.11449008
0.4472361809045226,-0.109781906
0.45226130653266333,-0.0974037
0.457286432160804,-0.078363106
0.4623115577889447,-0.0540159
0.46733668341708545,-0.026040733
0.4723618090452261,0.003625527
0.47738693467336685,0.03287193
0.4824120603015075,0.05955276
0.48743718592964824,0.08164854
0.49246231155778897,0.09746115
0.49748743718592964,0.10579081
0.5025125628140703,0.106057495
0.507537688442211,0.098344
0.5125628140703518,0.08335221
0.5175879396984925,0.062287107
0.5226130653266332,0.036696658
0.5276381909547738,0.008333363
0.5326633165829145,-0.020955734
0.5376884422110553,-0.04929109
0.542713567839196,-0.074811034
0.5477386934673367,-0.09571687
0.5527638190954774,-0.11034842
0.5577889447236181,-0.11730345
0.5628140703517588,-0.115553975
0.5678391959798995,-0.10454441
0.5728643216080402,-0.08422413
0.577889447236181,-0.055016644
0.5829145728643216,-0.017731518
0.5879396984924623,0.026555121
0.592964824120603,0.07661246
0.5979899497487438,0.13116989
0.6030150753768845,0.18898709
0.6080402010050251,0.24891458
0.6130653266331658,0.3099259
0.6180904522613065,0.37113726
0.6231155778894473,0.4317944
0.628140703517588,0.4912821
0.6331658291457286,0.5491024
0.6381909547738693,0.6048623
0.6432160804020101,0.6582565
0.6482412060301508,0.7090655
0.6532663316582915,0.75712043
0.6582914572864321,0.80232376
0.6633165829145728,0.84461683
0.6683417085427136,0.8839781
0.6733668341708543,0.9204286
0.678391959798995,0.9540139
0.6834170854271356,0.9847941
0.6884422110552764,1.0128573
0.6934673366834171,1.0382948
0.6984924623115578,1.0612168
0.7035175879396985,1.0817297
0.7085427135678392,1.0999496
0.7135678391959799,1.1159875
0.7185929648241206,1.129958
0.7236180904522613,1.1419721
0.7286432160804021,1.1521295
0.7336683417085427,1.1605344
0.7386934673366834,1.1672796
0.7437185929648241,1.1724567
0.7487437185929648,1.1761457
0.7537688442211056,1.178425
0.7587939698492463,1.1793641
0.7638190954773869,1.179026
0.7688442211055276,1.1774693
0.7738693467336684,1.1747512
0.7788944723618091,1.1709104
0.7839195979899498,1.165996
0.7889447236180904,1.1600394
0.7939698492462312,1.1530756
0.7989949748743719,1.1451283
0.8040201005025126,1.136221
0.8090452261306533,1.1263757
0.8140703517587939,1.1156037
0.8190954773869347,1.1039184
0.8241206030150754,1.0913243
0.8291457286432161,1.0778296
0.8341708542713568,1.0634348
0.8391959798994975,1.0481366
0.8442211055276382,1.0319333
0.8492462311557789,1.0148184
0.8542713567839196,0.99678355
0.8592964824120604,0.9778176
0.864321608040201,0.957912
0.8693467336683417,0.93704766
0.8743718592964824,0.9152145
0.8793969849246231,0.89239526
0.8844221105527639,0.868572
0.8894472361809045,0.8437243
0.8944723618090452,0.8178414
0.8994974874371859,0.79089534
0.9045226130653267,0.7628717
0.9095477386934674,0.7337512
0.914572864321608,0.70351416
0.9195979899497487,0.672141
0.9246231155778895,0.6396156
0.9296482412060302,0.6059181
0.9346733668341709,0.5710355
0.9396984924623115,0.5349514
0.9447236180904522,0.4976536
0.949748743718593,0.45912814
0.9547738693467337,0.4193691
0.9597989949748744,0.37836504
0.964824120603015,0.33611417
0.9698492462311558,0.29261178
0.9748743718592965,0.24785994
0.9798994974874372,0.20186
0.9849246231155779,0.15461953
0.9899497487437187,0.106148645
0.9949748743718593,0.056457132
1.0,0.005566135
